{"cameraMode":{"drawMode":0,"name":"Shaded","section":"Shading Mode"},"sceneLighting":true,"audioPlay":false,"sceneViewState":{"showFog":true,"showMaterialUpdate":true,"showSkybox":false,"showFlares":true,"showImageEffects":true,"showParticleSystems":true},"in2DMode":false,"pivot":{"x":-23.1007080078125,"y":-67.16558837890625,"z":109.58004760742188},"rotation":{"x":-0.1397390216588974,"y":-0.17662851512432099,"z":0.02534143626689911,"w":-0.9739780426025391},"size":395.18829345703127,"orthographic":true}